"Path","GitBlob","Bytes","WorkingTreeSHA256"
".gitignore","914cb7b7d588a57efd33ed6612d28805fcbdbcec","31","ccf5b81548c0df7062399d5b913ce625593faf8411ba254af9ec3ded237a8613"
"AppSettings.cs","73683bc9a4579bc702e7b3446eb7143b925cfcf4","2132","be3583c689b6ba651f5a146c7945812769a13704fd11315d5f50fb76c80457d4"
"Assets/Harmonica/60-release.wav","1243506eca7674dbba0ecfe655bb71087702e9b5","40756","38977e903ce5f6db61074b4cfb5e9344ca3c5d9f1e5750e357a6868f9cf987b9"
"Assets/Harmonica/60.wav","67ebaf58bd297ee79379a62f655da942603e57d9","173950","230c200c747bf020208db0b360fcdfd24f3ed45c69e70cf3d6054d48549dd158"
"Assets/Harmonica/64-release.wav","76453f03d4ba6304bb435a5fd593b73d7dc00a47","38630","dc8612d9b6fd57511480b0556e65a1c5d294ba1c1465144cf1f118e161f424ed"
"Assets/Harmonica/64.wav","44b70111af7244ff58699d8427dd49dec4104c97","160654","debc1e1c68b7d21d1703305beba2d7f09dbb6bf6f34a0ed425bcdb29106a3a66"
"Assets/Harmonica/72-release.wav","ea10492264259fa22ee05faef0ade6f366604d07","34084","06c81218ca058c1cd04011c0fa7b6f47158b9bba45f1830ccfd10f3a537ae68a"
"Assets/Harmonica/72.wav","efdba3a9562d7cf104cd7446f3fa0c2e32a7ae64","167048","26c65ece3fc4cacf10e9a9a851a5103cef99999b3a3ed8f8c1b9695cde86ad8a"
"Assets/Harmonica/76-release.wav","b3e79e522ebfb65ef56ea922cad580c44666662b","32606","d339a70febbee3d3550f92bb8262a0a02475301aa376c00030caa913d2bcb447"
"Assets/Harmonica/76.wav","b394569632b24230ca48de5a2fe44f5343b05892","208692","fe8674e685653467b0d8ef7450b85c107b2d0cda2f5a5cb8ec6b039a8ec5a88d"
"Assets/Harmonica/79-release.wav","1916243b060cc97995d95c2e74aa986b2a0408f7","32070","d4905b16f292e9722b6d2d2672a0d46e7eedf957a32e69e6f3a909e5d83ad00d"
"Assets/Harmonica/79.wav","c46acb59e848135ccdcf48260e6c4defe541f9de","205566","1b752e24e1fec2b76041901b90f6859f2559e21f0746c3e7415751c59c1e220d"
"Assets/Harmonica/84-release.wav","3fb1883d5c86c1c95dfcc164152fa8dceeedb918","33084","a0cf97611862863cc15dff897ba3bb53f12044021ee36a603cad15d16a996513"
"Assets/Harmonica/84.wav","2695b5ac000633ee9b6f3c56bd742379b393476b","161226","f57e779ab13d008585c0cb1ad428518f71b1bf5eb78800677bae647cbed78230"
"Assets/Harmonica/LICENSE-CC0.txt","0e259d42c996742e9e3cba14c677129b2c1b6311","7048","a2010f343487d3f7618affe54f789f5487602331c0a8d03f49e9a7c547cf0499"
"Assets/Harmonica/SOURCES.json","46a1f7baaf3103b55cc4cbc1941162672db2aed0","4010","cced15e8a60f426946f9416280b26728627134bb4324cee86e9a50a33a378fb7"
"AudioExamples/README.txt","31baf990f973231ea39751d29b5173cb3f3c4865","386","c483fb5a15e1e998f8eed6faaf1c4dd7cc6bd8780bf8dddb1a3880eac40c5e1a"
"AudioExamples/phrase-v0.3.2-bpm120.wav","73880bbab49c6209703c696942c81aa6646320cf","264644","3e64a6bd496bf85b83230ecc27e7401bd38d37e756e580280965dbc037752f3d"
"AudioExamples/phrase-v0.3.3-bpm120.wav","30b335f5b191e42dffe625188c26348eef359af7","264644","215908d11f49b4533f5099b1cbb3534624291506f2f304cbb93b518f20fdd428"
"AudioSynthesis.cs","0a2d345bb0095f8c4bd57a402b8122c85ce9e96d","8144","8fc288a615c095a4e4a58a02633d661b241e5332af3555f50c37db2339fb90e5"
"Build-Release.ps1","d4174ee5b64fc90d219c7f7b1f1f3e409528dad4","2506","c37e96f0feaadbdde4f42daec2103dc037dd0e7e4749ae75766ddee38e75305f"
"CONTRIBUTIONS.md","249dd3ead73c8b7ea08c5f94f76fa33bf0f7ce05","2168","83a9741e2eace370eccde2704a8572755c0bf780ab107b9fd4ba792c0e77131b"
"HarmonicaPlayer.csproj","9a147350f5ff589630961246ae7448f645d85606","551","e25dd6575c2de91f0a2933bd8233e207037267dc79c892315cf1892293502e53"
"HotkeyDialog.cs","c31e2467be860fc3d4bdb67f82619a038f1d7765","5835","6cdb5f773849fcf9572d864e754c72438e56828af225f50d84a4bd26c6be2ed1"
"HotkeySettings.cs","31ee286f30e6aa6d7150a94642628c25e57d7130","4204","78ab978d7527a00a37b3197e39ae089e5ba67f36922e6472ae13afaa62109d04"
"LocalAudioPlayer.cs","91b523161d9d29f56e217b1cc68ad04f229e9871","7052","eb78e7f3a3da6030ca8089932c1cf9ae2e5a18c4aeefa8bec41c53e4f3034cf4"
"MidiExporter.cs","07d7ceb7295653686d92c947096bbc5946989d48","2709","6d38d0a80f38a8b006ed5d7311e8655d457128bdcf331e1bb9c964fbbf34b94f"
"NativeHotkeys.cs","1d5e7ac26dc8cc6219320cc1f64d772725bb8534","859","d262d1da8c842a0c950922d6b2ac59968e766e6532478078e5c7d9790ec4f194"
"NativeInput.cs","fbffb836e4bc827284ace7cd3ac613a79d5c9e43","3717","d1250866e5e4a6d8f21471e6e8093eb48ff7b3d65218a23cc951c04def1e0b23"
"PlaybackValidation.cs","8f5706131b5ac874b9af40cc5829fb2fc1d41e24","1430","93bed99e1c66280a4ea9d879acaa7cf854f0cbde97ca895ddfa076532e5ea207"
"PlayerWindow.Audio.cs","c52c2e566b7e17614f0d45bcc43179b57be8b0de","6423","02a9500a4127acea6c87366357f0591d9b56d8cf2da1aadcb225ee4540a92e45"
"Program.cs","0211de84675f2b7945d65357a17c80121441b56f","32299","14a116eb8e1073d59a50b66bd8bf009951127e9558dfc3619f038fafcb2949e5"
"README.md","6d31321fdb4831076869cd516a8ee3177306f5fd","7480","4f820ec37b8c9ab82bae874f9fe99c592eafe03fd475f12ae458430f1178f53a"
"ScoreDialogs.cs","6fd66ab410a85ecd3ac2b03abfc3827c3429ca7e","1655","43ea95f9fd10ae82a60d123f07e160c8b6607f079d9daac554347d0190472b76"
"ScoreDocument.cs","a18d07f5efcd2f5b8804ab223c2988cd9e640fee","8686","8bbe055fe84d03d074017fe79608904553c771839e7824154e9ede4137544f21"
"ScoreParser.cs","b63b9ed0ef53b6db4c9fccdc1ca85c923e824353","6651","5265fa7ca589d0a805357f3759d32d362712f01cd57d8c7c31e4cb286283ecd9"
"ScoreTimeline.cs","28ffd9c594c1ebadf4e82eeda7d6ccd39c818427","2458","0ed6ecd1358020d139ec881c13c9553a17b0fb169ed1bd3a903cfb02018e449b"
"SettingsWriter.cs","2b61dd4aeb75f3e63cdf9c66144a372e754fbf7a","1316","df6b7512f0bede3fcaf35ea08b3bf139a83b20f643f58ca46076a53e73a75bc4"
"SingleInstance.cs","39646efe802adc2cf5bccc1c5988e1d6b514f426","2002","dd313a4cd22582a39fdd97f1106fa5256e66167309ed923e4bece3c9448cdb4b"
"THIRD-PARTY-NOTICES.md","0984624c8ba7a4c3b65a26aae537db878592a803","2151","504a97ba9dc886dc095384c145c008d10b52755edbff4ab8020670e99d8ca5f8"
"Tests/AudioMidiTests.cs","4e0e9289246fe918b3b8bae180f256bd9bc4b43d","7094","ea821689dd930621a4a6d3493ca427b11c599c65eef25c0057aeb91497a2a684"
"Tests/DocumentTests.cs","d69357d5784187bfbad55de74d2546b7e1a6c811","7293","7a0d0dd11938a57e2794e64cff4b03100ad099f78f19101a752306a7cdd54b73"
"Tests/GapDocumentTests.cs","b7970df5aa85bcd34e106d2b627d260ebb0cc799","2432","00daec14a45bf1a3a9969626540b9c40ac0c5f88281255d8807cabdd21f19be8"
"Tests/ParserTests.csproj","52c4b609afb44eda87b4006e4325ad325b586910","1070","2af100e87f6648fc8f48b7e5e25a5662f630dd26df0e10f4af4f45f857d0843e"
"Tests/Program.cs","ffaee098cc184f6b53c865bc3ce05eb9f0001846","12083","5b427e02268f960a531a04cf7c23a89ffa2a0b1a13460125be92c9ad1617af8b"
"Tests/ReleaseAudioTests.cs","99c946332f9c51a8c1b8e36be89b32e51b4a856f","2242","6de103acfe0ab615b6aea16dc1e4b36da6d88900a3691659e8d06774225974ab"
"Tests/SampleAudioTests.cs","39daddb421cf84cb88cea6746c8073e63ab97110","3574","ea1719348cc7b54d90082a6b0581159bc556bb0bc0fed77c2418a1fc22409ccc"
"Tests/ShortNoteAudioTests.cs","74a9be7b337abb62c3acbd43a7f91f1d805e889e","3399","bcffb658dc244f9ddcc7f31f5ac97cbc33176bb639e5d3bf9b1370a24b55f65c"
"Tests/WindowsSmoke/WindowsSmokeTests.cs","3b8a2fe919b3f078b8c3d60495912652d4d4b978","19245","b4f26ef7acd8fd025e8a3b5f0215dcdf0661a078ff64ebbb6db9e124e543148f"
"Tests/WindowsSmoke/WindowsSmokeTests.csproj","694a426751857ec65939b957d978cae5ef44e436","630","b66a455be604b91dd1baf5901251d0f8de9b781c7065eb45c37766beb44bda6a"
"Tools/prepare_harmonica.py","89fd17cca2f7e551ba6bdee5747f17efceca402a","2959","b15e84344db32b1684f45ad81565a36a7135cfdaac90432319f938d8de5b4354"
"Tools/prepare_releases.py","06775075287201053e07f0af69e388ad8e506d65","1787","842bb4280c34e4b61be3b80a35118cc90e1cd1628c9c948cac8f183869f7d569"
"UPDATE-0.1.1.md","276b6072ea7314c6c2c641e3c4ab982c0cd13528","1896","827ae99cbd2e4703c1cff249b69b93f6c33e7c4308dce6fc5e3e600405275be7"
"UPDATE-0.1.2.md","4cb732ebf605eca55a3e95cd0081037cc127948c","2760","75e1e31694208a30ce05b474dffb1176f10ff292f19b1cfa2f01955fb607f9c7"
"UPDATE-0.1.3.md","bc64ce6985dd3fb10d5aa6a308c03a8fbd4e2e2d","4750","8ea4d27233b662bd4272383de8eb17daf7f656ed49e730a2dc96a5b233a1346c"
"UPDATE-0.1.4.md","cd5e0cfe0e5e294de4f3e17578f8b6aceee3d4d1","3709","ab555f688fa2f9d3e331d05560d6b2915926d23c1675e0b4a8f0f65af29ceef7"
"UPDATE-0.1.5.md","ea03fd77e21f55df083370d76523701824afd654","2922","fdd6b5deba62b597c61e9cda3d90ce47f86ed617e51d4b7a45bab1c6523d8403"
"UPDATE-0.2.0.md","3bebb31be827420044a65ea3416b36ded03fb92a","1437","c1c0d05ee42a71a801e90c8f90acc04d8c8ea2a7aeaf72c5c5e5c63d06d70550"
"UPDATE-0.2.1.md","f58e3a42714b66b48a033ec1dece5a7bca29b93c","1053","0a0fbf7b712f68d8fae72beb7e9cbf1df161bf23d4595ee6c82e12a25b2a3bbd"
"UPDATE-0.3.0.md","b91c163ff01c0238ad4549e33de1163bfb6816d8","849","2ea4880eaf69a29e7ed2f5451880c330408b37f45b2ba817b562ada7a015a010"
"UPDATE-0.3.1.md","6c58546333c9cff4e74073ee059e538d46aedb59","441","c952fef75dce4654208e96d0927c6ea3d4ae6b74b42604544e928f1eb9533393"
"UPDATE-0.3.2.md","89ec27afba8bc634696063ac4e8d62c1dba7c18b","492","073aa3e2b00da31cf5279752bf2a39a2cfa29cadab87799ad38a1c1089f3a039"
"UPDATE-0.3.3.md","3f85432fda5bdb0f1b446df351e303665be41dd3","442","22456c21126f1c6583c8cfeb129c3cb9ab1ff168dd81910fc73bc07dde8111ac"
"VALIDATION-0.2.1.md","2c232f99eeb78dcdd4ce491ceb24e08a56400525","3191","3314bb4e17442a18469c6108de64320cdb4a3267857daa6ec162ddf5ca7ade12"
"VALIDATION-0.3.0.md","4fd2c733a23ea73c25ca82d943e03c7675d799db","3357","346b8b8c58d8009447a67a9d93694fe65d28e172da02dcf10eb936c1d8a04af6"
"VALIDATION-0.3.1.md","25b5d101fa55fa7867e8d4e2c11ad3504f6f9cbe","1561","723147bec855012c0eb24e7c03b17ecd28e017d063a3976cf02267de637bc864"
"VALIDATION-0.3.2.md","e1a174b41696ee92e51ed79a7e7ba06cec214959","1344","ec2951f1b9fd2abf1aaa6a610aa2ef2ff090af539fc03a248250d23c896d2459"
"VALIDATION-0.3.3.md","a3882f11e2efc07e4b6e356d423ae58eda44468b","1561","4642802564167eb784b39a4b11cdbcc54f1d66ae0182053dd2b5318e56fd3002"
"ai转谱模板.txt","eef9069364670669892099be5ed401e5267b2492","3690","aeef23348e6e7d48539abf940c125ffaf9f8de1c293887bdf15295560a74db69"
"audio-midi-demo.txt","20c517fd13962454ba72120a95d0673d91429093","175","bc216f8ac96eabfea7b5d46ae7c2081119a967901f459c7651231b3840fb5f9f"
"rhythm-demo.txt","9f8f406c5caab4b4d16b20ef38c22e06cc17dead","66","622213fe82682562c356f5b18040ff496e71ce82017467cd2b6b7b359837ca9c"
"score-format-demo.txt","039b0c4c8ff94acf178c95ca770148d56e7bc6cc","92","b2e22ce2fa5063e58b8bb9ffd5a691bcbbef7a33c553fc1980141b6d99f79c58"
"test-score.txt","ae65ccaa6f425169486d2b7c0e3d77c79a02e600","767","991437e2ee7739a9a96cde5d376bcf36ef34932b8cc1ac0c65a32290d57b084c"
"使用说明.txt","1fcc9d5de702ca81647027c0d79d64e9ba4282fe","7430","a46a8631b47a332f670c140880acc613df3b66246074c14255c6c087ed23eb36"
"制谱说明.txt","a62fb30486584ca9b28d1265d74fb04fdfc14ab0","13636","db9e3de118a82380183be92b1f389e453cceafb887c54c7a8260e180272e8ec6"
"简谱/反乌托邦 x 拼凑 bpm120.txt","d16dcb8c55b586b54800fa12920e77af6949d3c2","2609","3fad6f54bec601d11beb62d3facc560cab1af9bc8eaf11647add86707f9e5292"
"简谱/圣诞快乐劳伦斯先生 bpm86.txt","a91d64b398cb54d6545a91c5327407eb356e7804","1069","bd6afb7de49071d516340e3554454ce0685e96a3017a9b0a185aeb8665f3e90b"
"简谱/星降る海 bpm101.txt","a468351fc26aad337661e1284f0f1557cdab8bbe","1356","5cea0a7514d6b8981427dc65f409fd4dd54f8622135bb24b50317792eca2c7a4"
"简谱/春日影 bpm98.txt","3eaf095bbcc898b3516cff4c8a19424ec9a83f44","4041","3ba04066c99d8bd6b9dd41f41ae9bddd732876b3f50c842c792f05ee4d78727c"
"简谱/晴天 bpm67.txt","2cf92d7e4fdb429d71e9a514ec744903a6eb211f","1732","dd62a26c85e0b15d7c0f46177a0503041d29cb14fca81d94be76b2fbc5247e2b"
"简谱/死别 bpm100.txt","38e8ad1e5d0f8ff84afb2f167533e62faec702b5","1789","d731fad827d22c5fe7247f4453bc90e78db7f5414d67a2474131f29ec24f5b62"
"简谱/父亲 bpm72.txt","364aafb07332c161095d5b8f73b72d6c1d5f57bf","845","33696baea4d31393675ab836b140c02d70f3e647ce3dcbb13795a44a6cacac21"
"简谱/远航星的告别 bpm84.txt","9f561d96bc325cabdac83933beab88a6e2f8bd1d","1014","51dfad22d53c46c9806ed3bb6690f73a358e513e443e928cd37c63e91e27f94c"
"简谱/雨爱 bpm80-新版.txt","d9f9826d88d971f364c52f6139e8f1cdfff71cbd","979","5877a659a3e3961ad1db47ec35eef620449ecfa2dea61014adc94e3801c90894"
"简谱/雨爱 bpm80.txt","158c07f1487cd6bb33bffc60b58bb433e70dedc4","916","cfc2249119ec65ed1a8a2ec3275ccda3a6ca624364717cbd14feb73b613b19a8"
"简谱/鸟之诗 bpm86.txt","45fe576caad217699f71f3f5e5efc15ed42a3404","1888","9f2b43a60debaf1b8d067475e233eec56d1e235d38077228fe8dafd11886e8b7"
